kind,name,route_or_method,enabled,status,replacement,reason,live_modified
Server Script: Permission Query,Access Team lead,get_team_members,True,KEEP — active backend behavior,,Active Permission Query script; API migration does not replace this behavior.,2026-06-03 23:16:14.595344
Server Script: API,accounts_command_centre_coa,accounts_command_centre_coa,True,CANDIDATE — after cutover verification,life_slimming.api.server_scripts.accounts_command_centre_coa.run,Native replacement exists and recorded timestamp matches. Legacy API callers and business workflows have not been certified switched over.,2026-09-01 17:31:31.774801
Server Script: API,accounts_command_centre_data,accounts_command_centre_data,True,CANDIDATE — after cutover verification,life_slimming.api.server_scripts.accounts_command_centre_data.run,Native replacement exists and recorded timestamp matches. Legacy API callers and business workflows have not been certified switched over.,2026-09-01 17:30:30.091754
Server Script: API,accounts_command_centre_ledger,accounts_command_centre_ledger,True,CANDIDATE — after cutover verification,life_slimming.api.server_scripts.accounts_command_centre_ledger.run,Native replacement exists and recorded timestamp matches. Legacy API callers and business workflows have not been certified switched over.,2026-09-01 17:30:54.632279
Server Script: API,accounts_command_centre_post_entry,accounts_command_centre_post_entry,True,CANDIDATE — after cutover verification,life_slimming.api.server_scripts.accounts_command_centre_post_entry.run,Native replacement exists and recorded timestamp matches. Legacy API callers and business workflows have not been certified switched over.,2026-09-01 18:26:01.581898
Server Script: API,accounts_command_centre_procurement,accounts_command_centre_procurement,True,CANDIDATE — after cutover verification,life_slimming.api.server_scripts.accounts_command_centre_procurement.run,Native replacement exists and recorded timestamp matches. Legacy API callers and business workflows have not been certified switched over.,2026-07-31 13:16:54.060930
Server Script: API,accounts_command_centre_reconcile,accounts_command_centre_reconcile,True,CANDIDATE — after cutover verification,life_slimming.api.server_scripts.accounts_command_centre_reconcile.run,Native replacement exists and recorded timestamp matches. Legacy API callers and business workflows have not been certified switched over.,2026-07-31 12:42:05.937488
Server Script: API,ADVANCE BOOKING MATERIAL REQUEST,life_stock_submit_advance_request,True,KEEP — API absent from migration catalogue,,No named native replacement in the checked-in catalogue.,2026-10-02 13:38:12.813341
Server Script: DocType Event,After  Server script discount,,True,KEEP — active backend behavior,,Active DocType Event script; API migration does not replace this behavior.,2026-09-11 16:08:03.363947
Server Script: API,all_approvals_report_data,all_approvals_report_data,True,CANDIDATE — after cutover verification,life_slimming.api.server_scripts.all_approvals_report_data.run,Native replacement exists and recorded timestamp matches. Legacy API callers and business workflows have not been certified switched over.,2026-08-07 14:22:52.868204
Server Script: API,api for expendtiure,expenditure_api,True,CANDIDATE — after cutover verification,life_slimming.api.server_scripts.expenditure_api.run,Native replacement exists and recorded timestamp matches. Legacy API callers and business workflows have not been certified switched over.,2026-06-03 23:16:14.859434
Server Script: API,apply_invoice_discount_NET_FINAL_V2,apply_invoice_discount_NET_FINAL_V2,True,CANDIDATE — after cutover verification,life_slimming.api.server_scripts.apply_invoice_discount_net_final_v2.run,Native replacement exists and recorded timestamp matches. Legacy API callers and business workflows have not been certified switched over.,2026-09-07 23:10:20.010752
Server Script: API,apply_invoice_discount_TEST,apply_invoice_discount_TEST,False,KEEP / archival review — already disabled,,Not executed as an enabled script; retain until backup and ownership/dependency review. Disabled does not prove obsolete.,2026-09-03 06:58:36.697031
Server Script: DocType Event,appointment direct in lead,,False,KEEP / archival review — already disabled,,Not executed as an enabled script; retain until backup and ownership/dependency review. Disabled does not prove obsolete.,2026-04-03 20:13:09.975209
Server Script: DocType Event,Appointment Letter,,False,KEEP / archival review — already disabled,,Not executed as an enabled script; retain until backup and ownership/dependency review. Disabled does not prove obsolete.,2026-06-16 16:33:31.109406
Server Script: API,Approvals Report Conversion,life_approval_report_conversion_action,True,CANDIDATE — after cutover verification,life_slimming.api.server_scripts.life_approval_report_conversion_action.run,Native replacement exists and recorded timestamp matches. Legacy API callers and business workflows have not been certified switched over.,2026-09-24 16:42:08.254544
Server Script: API,Asset Master Complaint  Resolver Mail,life_asset_complaint,True,CANDIDATE — after cutover verification,life_slimming.api.server_scripts.life_asset_complaint.run,Native replacement exists and recorded timestamp matches. Legacy API callers and business workflows have not been certified switched over.,2026-08-12 15:53:39.623399
Server Script: DocType Event,Auto Assign Lead Owner,,False,KEEP / archival review — already disabled,,Not executed as an enabled script; retain until backup and ownership/dependency review. Disabled does not prove obsolete.,2026-09-16 20:13:48.761222
Server Script: Scheduler Event,Auto Block Inactive Therapy Plans,,False,KEEP / archival review — already disabled,,Not executed as an enabled script; retain until backup and ownership/dependency review. Disabled does not prove obsolete.,2026-06-16 11:56:29.796123
Server Script: API,Auto Create Discount Credit Note API,auto_create_discount_credit_note,False,KEEP / archival review — already disabled,,Not executed as an enabled script; retain until backup and ownership/dependency review. Disabled does not prove obsolete.,2026-05-30 18:56:53.588252
Server Script: DocType Event,Auto create patient from appoitment,,False,KEEP / archival review — already disabled,,Not executed as an enabled script; retain until backup and ownership/dependency review. Disabled does not prove obsolete.,2026-04-03 20:14:57.179953
Server Script: DocType Event,Auto Credit Note on Discount Approval,,False,KEEP / archival review — already disabled,,Not executed as an enabled script; retain until backup and ownership/dependency review. Disabled does not prove obsolete.,2026-05-30 15:00:31.072549
Server Script: Scheduler Event,Auto Delete Draft and Unpaid Bills,,False,KEEP / archival review — already disabled,,Not executed as an enabled script; retain until backup and ownership/dependency review. Disabled does not prove obsolete.,2026-05-22 00:06:56.459225
Server Script: DocType Event,auto email for day target,,True,KEEP — active backend behavior,,Active DocType Event script; API migration does not replace this behavior.,2026-06-03 23:16:14.766375
Server Script: DocType Event,Auto Email For WekkTarget,,True,KEEP — active backend behavior,,Active DocType Event script; API migration does not replace this behavior.,2026-06-03 23:16:14.748621
Server Script: DocType Event,Auto Email Stock,,True,KEEP — active backend behavior,,Active DocType Event script; API migration does not replace this behavior.,2026-06-03 23:16:15.522752
Server Script: Scheduler Event,Auto Expire Therapy Plans,,True,KEEP — active backend behavior,,Active Scheduler Event script; API migration does not replace this behavior.,2026-06-03 23:16:15.463689
Server Script: DocType Event,auto genrate item codes,,False,KEEP / archival review — already disabled,,Not executed as an enabled script; retain until backup and ownership/dependency review. Disabled does not prove obsolete.,2026-03-06 07:12:05.478940
Server Script: DocType Event,auto icme iccountin sales,,False,KEEP / archival review — already disabled,,Not executed as an enabled script; retain until backup and ownership/dependency review. Disabled does not prove obsolete.,2026-04-20 21:49:14.981570
Server Script: DocType Event,auto lead value and media value,,True,KEEP — active backend behavior,,Active DocType Event script; API migration does not replace this behavior.,2026-06-03 23:16:14.708802
Server Script: DocType Event,Auto link lead to client,,False,KEEP / archival review — already disabled,,Not executed as an enabled script; retain until backup and ownership/dependency review. Disabled does not prove obsolete.,2026-04-03 20:15:31.138278
Server Script: Scheduler Event,auto submit of stock entries after 24H,,True,KEEP — active backend behavior,,Active Scheduler Event script; API migration does not replace this behavior.,2026-09-27 17:14:09.108413
Server Script: DocType Event,Auto updated Branch,,False,KEEP / archival review — already disabled,,Not executed as an enabled script; retain until backup and ownership/dependency review. Disabled does not prove obsolete.,2026-07-02 11:27:51.738332
Server Script: DocType Event,Automate Sessions Transfer Client to Client,,True,KEEP — active backend behavior,,Active DocType Event script; API migration does not replace this behavior.,2026-08-07 22:10:51.155021
Server Script: DocType Event,Block Existing Mobile - Advance Material Request,,False,KEEP / archival review — already disabled,,Not executed as an enabled script; retain until backup and ownership/dependency review. Disabled does not prove obsolete.,2026-10-02 13:52:05.121001
Server Script: DocType Event,BLOCK MIN AND MAX OFFER PRICE,,False,KEEP / archival review — already disabled,,Not executed as an enabled script; retain until backup and ownership/dependency review. Disabled does not prove obsolete.,2026-05-22 12:13:05.497798
Server Script: DocType Event,Block Save on Inactive Therapy Plan,,False,KEEP / archival review — already disabled,,Not executed as an enabled script; retain until backup and ownership/dependency review. Disabled does not prove obsolete.,2026-06-27 17:06:35.644892
Server Script: DocType Event,Block Therapy Session During P2P Conversion,,False,KEEP / archival review — already disabled,,Not executed as an enabled script; retain until backup and ownership/dependency review. Disabled does not prove obsolete.,2026-07-03 11:50:35.501021
Server Script: API,block therapy session while conversion,therapy_plan_conversion_block_status,True,CANDIDATE — after cutover verification,life_slimming.api.server_scripts.therapy_plan_conversion_block_status.run,Native replacement exists and recorded timestamp matches. Legacy API callers and business workflows have not been certified switched over.,2026-07-28 15:26:10.616395
Server Script: DocType Event,Branch Audit,,False,KEEP / archival review — already disabled,,Not executed as an enabled script; retain until backup and ownership/dependency review. Disabled does not prove obsolete.,2026-07-19 19:35:46.903218
Server Script: API,Branch Audit Mail,life_audit_topic_approval,False,KEEP / archival review — already disabled,,Not executed as an enabled script; retain until backup and ownership/dependency review. Disabled does not prove obsolete.,2026-07-23 19:15:35.687087
Server Script: DocType Event,Branch Audit Percentage Change,,True,KEEP — active backend behavior,,Active DocType Event script; API migration does not replace this behavior.,2026-07-21 17:16:34.132944
Server Script: API,Branch Audit Report For Master Report,life_audit_branch_access,True,CANDIDATE — after cutover verification,life_slimming.api.server_scripts.life_audit_branch_access.run,Native replacement exists and recorded timestamp matches. Legacy API callers and business workflows have not been certified switched over.,2026-07-27 13:28:25.996639
Server Script: API,Branch Audit Sending Mails Testing,life_audit_topic_approval,True,CANDIDATE — after cutover verification,life_slimming.api.server_scripts.life_audit_topic_approval.run,Native replacement exists and recorded timestamp matches. Legacy API callers and business workflows have not been certified switched over.,2026-07-27 13:27:02.182569
Server Script: API,Branch Expenditure Employees Name,life_get_expenditure_branch_employees,True,CANDIDATE — after cutover verification,life_slimming.api.server_scripts.life_get_expenditure_branch_employees.run,Native replacement exists and recorded timestamp matches. Legacy API callers and business workflows have not been certified switched over.,2026-07-29 14:26:48.155946
Server Script: API,BRANCH RECEIPT EMPLOYEE SEARCH,life_stock_receipt_employee_search,True,CANDIDATE — after cutover verification,life_slimming.api.server_scripts.life_stock_receipt_employee_search.run,Native replacement exists and recorded timestamp matches. Legacy API callers and business workflows have not been certified switched over.,2026-10-02 12:26:29.564232
Server Script: API,Branch Verification And Information Form,get_branch_verification_data,True,CANDIDATE — after cutover verification,life_slimming.api.server_scripts.get_branch_verification_data.run,Native replacement exists and recorded timestamp matches. Legacy API callers and business workflows have not been certified switched over.,2026-06-03 23:16:15.178242
Server Script: API,Branch visit report,life_cc_agent_marketing_data,True,CANDIDATE — after cutover verification,life_slimming.api.server_scripts.life_cc_agent_marketing_data.run,Native replacement exists and recorded timestamp matches. Legacy API callers and business workflows have not been certified switched over.,2026-09-04 14:44:12.586677
Server Script: API,branch_cluster_target_achievement_api,branch_cluster_target_achievement_api,True,CANDIDATE — after cutover verification,life_slimming.api.server_scripts.branch_cluster_target_achievement_api.run,Native replacement exists and recorded timestamp matches. Legacy API callers and business workflows have not been certified switched over.,2026-09-18 18:28:30.205450
Server Script: API,branch_command_center,branch_command_center,True,CANDIDATE — after cutover verification,life_slimming.api.server_scripts.branch_command_center.run,Native replacement exists and recorded timestamp matches. Legacy API callers and business workflows have not been certified switched over.,2026-09-11 08:18:35.500245
Server Script: DocType Event,C2C list deletion,,True,KEEP — active backend behavior,,Active DocType Event script; API migration does not replace this behavior.,2026-06-29 13:02:55.643220
Server Script: DocType Event,Calculate Cost Breakdown,,True,KEEP — active backend behavior,,Active DocType Event script; API migration does not replace this behavior.,2026-08-07 09:09:47.008493
Server Script: API,Cancelling MR and Stock entries,life_stock_cancel_test_transactions,True,CANDIDATE — after cutover verification,life_slimming.api.server_scripts.life_stock_cancel_test_transactions.run,Native replacement exists and recorded timestamp matches. Legacy API callers and business workflows have not been certified switched over.,2026-09-16 00:57:44.247253
Server Script: API,Cancelling MR's,life_stock_finalize_test_material_requests,True,CANDIDATE — after cutover verification,life_slimming.api.server_scripts.life_stock_finalize_test_material_requests.run,Native replacement exists and recorded timestamp matches. Legacy API callers and business workflows have not been certified switched over.,2026-08-03 11:21:54.682986
Server Script: API,CC update lead Testing kavya,cc_update_lead,True,KEEP — API absent from migration catalogue,,No named native replacement in the checked-in catalogue.,2026-10-03 11:35:10.645136
Server Script: Scheduler Event,CC v2 Daily metric refresh,,True,KEEP — active backend behavior,,Active Scheduler Event script; API migration does not replace this behavior.,2026-10-05 02:09:35.484722
Server Script: DocType Event,CC v2 Immutable activity,,True,KEEP — active backend behavior,,Active DocType Event script; API migration does not replace this behavior.,2026-10-05 01:11:23.842974
Server Script: DocType Event,CC v2 KPI plan validation,,True,KEEP — active backend behavior,,Active DocType Event script; API migration does not replace this behavior.,2026-10-05 01:11:23.830983
Server Script: DocType Event,CC v2 Lead activity,,True,KEEP — active backend behavior,,Active DocType Event script; API migration does not replace this behavior.,2026-10-05 01:52:35.663884
Server Script: DocType Event,CC v2 Lead attribution,,True,KEEP — active backend behavior,,Active DocType Event script; API migration does not replace this behavior.,2026-10-05 01:11:23.781240
Server Script: DocType Event,CC v2 Protect activity deletion,,True,KEEP — active backend behavior,,Active DocType Event script; API migration does not replace this behavior.,2026-10-05 01:11:23.851514
Server Script: API,cc_add_lead_followup,cc_add_lead_followup,True,CANDIDATE — after cutover verification,life_slimming.api.server_scripts.cc_add_lead_followup.run,Native replacement exists and recorded timestamp matches. Legacy API callers and business workflows have not been certified switched over.,2026-08-13 13:28:02.051118
Server Script: API,cc_create_lead,cc_create_lead,True,CANDIDATE — after cutover verification,life_slimming.api.server_scripts.cc_create_lead.run,Native replacement exists and recorded timestamp matches. Legacy API callers and business workflows have not been certified switched over.,2026-09-17 10:24:41.373281
Server Script: API,cc_get_lead_history,cc_get_lead_history,True,CANDIDATE — after cutover verification,life_slimming.api.server_scripts.cc_get_lead_history.run,Native replacement exists and recorded timestamp matches. Legacy API callers and business workflows have not been certified switched over.,2026-07-15 12:49:46.662254
Server Script: API,cc_get_leads,cc_get_leads,True,CANDIDATE — after cutover verification,life_slimming.api.server_scripts.cc_get_leads.run,Native replacement exists and recorded timestamp matches. Legacy API callers and business workflows have not been certified switched over.,2026-10-03 11:06:14.910658
Server Script: API,cc_lead_contacts_form_test,cc_lead_contacts_form_test,True,KEEP — API absent from migration catalogue,,No named native replacement in the checked-in catalogue.,2026-10-02 19:06:53.611340
Server Script: API,cc_lead_owner_history,cc_lead_owner_history,True,CANDIDATE — after cutover verification,life_slimming.api.server_scripts.cc_lead_owner_history.run,Native replacement exists and recorded timestamp matches. Legacy API callers and business workflows have not been certified switched over.,2026-08-16 03:04:20.420992
Server Script: API,cc_set_visit_status,cc_set_visit_status,True,CANDIDATE — after cutover verification,life_slimming.api.server_scripts.cc_set_visit_status.run,Native replacement exists and recorded timestamp matches. Legacy API callers and business workflows have not been certified switched over.,2026-08-23 12:46:07.981345
Server Script: API,cc_update_lead,cc_update_lead,True,KEEP — migration blocker,life_slimming.api.server_scripts.cc_update_lead.run,Live modified timestamp differs from the migrated source revision. Multiple enabled live scripts share this API method; callers and alias resolution require review.,2026-10-03 12:00:36.307147
Server Script: API,cc_update_lead_form_test,cc_update_lead_form_test,True,KEEP — API absent from migration catalogue,,No named native replacement in the checked-in catalogue.,2026-10-02 19:06:53.451653
Server Script: API,cc_walkin_details,cc_walkin_details,True,CANDIDATE — after cutover verification,life_slimming.api.server_scripts.cc_walkin_details.run,Native replacement exists and recorded timestamp matches. Legacy API callers and business workflows have not been certified switched over.,2026-09-13 11:53:14.048654
Server Script: API,cc_walkin_update,cc_walkin_update,True,CANDIDATE — after cutover verification,life_slimming.api.server_scripts.cc_walkin_update.run,Native replacement exists and recorded timestamp matches. Legacy API callers and business workflows have not been certified switched over.,2026-09-22 16:17:11.577364
Server Script: API,cc_walkins_range,cc_walkins_range,True,CANDIDATE — after cutover verification,life_slimming.api.server_scripts.cc_walkins_range.run,Native replacement exists and recorded timestamp matches. Legacy API callers and business workflows have not been certified switched over.,2026-09-13 12:17:18.706500
Server Script: API,cc_worksheet,cc_worksheet,True,CANDIDATE — after cutover verification,life_slimming.api.server_scripts.cc_worksheet.run,Native replacement exists and recorded timestamp matches. Legacy API callers and business workflows have not been certified switched over.,2026-07-31 05:55:38.130652
Server Script: API,CC-LEAD-New By Bhuvan,cc_phone_lookup,True,CANDIDATE — after cutover verification,life_slimming.api.server_scripts.cc_phone_lookup.run,Native replacement exists and recorded timestamp matches. Legacy API callers and business workflows have not been certified switched over.,2026-10-03 18:34:26.640319
Server Script: API,check_be_available,check_be_available,True,CANDIDATE — after cutover verification,life_slimming.api.server_scripts.check_be_available.run,Native replacement exists and recorded timestamp matches. Legacy API callers and business workflows have not been certified switched over.,2026-08-18 19:54:49.581286
Server Script: API,check_global_duplicate_before_image,,False,KEEP / archival review — already disabled,,Not executed as an enabled script; retain until backup and ownership/dependency review. Disabled does not prove obsolete.,2025-12-29 21:45:21.651421
Server Script: API,Client  Package Conversion Cloent To Client-Emails,send_client_conversion_step_email,True,CANDIDATE — after cutover verification,life_slimming.api.server_scripts.send_client_conversion_step_email.run,Native replacement exists and recorded timestamp matches. Legacy API callers and business workflows have not been certified switched over.,2026-06-15 15:51:55.464563
Server Script: API,Client Appointment status update,life_ops_update_appointment_status,True,CANDIDATE — after cutover verification,life_slimming.api.server_scripts.life_ops_update_appointment_status.run,Native replacement exists and recorded timestamp matches. Legacy API callers and business workflows have not been certified switched over.,2026-07-20 19:47:26.614626
Server Script: DocType Event,Client Feedback And Grievance,,True,KEEP — active backend behavior,,Active DocType Event script; API migration does not replace this behavior.,2026-06-18 15:38:50.282813
Server Script: DocType Event,Client Followup Naming Series,,True,KEEP — active backend behavior,,Active DocType Event script; API migration does not replace this behavior.,2026-08-19 12:21:23.963066
Server Script: DocType Event,Client Multi Branch Setup,,True,KEEP — active backend behavior,,Active DocType Event script; API migration does not replace this behavior.,2026-07-02 15:55:51.521369
Server Script: Permission Query,Client multi branches,,False,KEEP / archival review — already disabled,,Not executed as an enabled script; retain until backup and ownership/dependency review. Disabled does not prove obsolete.,2026-07-02 15:29:03.332749
Server Script: API,Client Package Conversion Client To Client,get_package_details,True,CANDIDATE — after cutover verification,life_slimming.api.server_scripts.get_package_details.run,Native replacement exists and recorded timestamp matches. Legacy API callers and business workflows have not been certified switched over.,2026-06-03 23:16:15.279951
Server Script: API,Client Package Conversion Same Client Package to Package,get_client_package_conversion_data,True,CANDIDATE — after cutover verification,life_slimming.api.server_scripts.get_client_package_conversion_data.run,Native replacement exists and recorded timestamp matches. Legacy API callers and business workflows have not been certified switched over.,2026-06-03 23:16:15.192124
Server Script: API,Client Refund Request Form,send_refund_step_email,True,CANDIDATE — after cutover verification,life_slimming.api.server_scripts.send_refund_step_email.run,Native replacement exists and recorded timestamp matches. Legacy API callers and business workflows have not been certified switched over.,2026-06-03 23:16:15.322660
Server Script: API,Client Request And Complaint Form-Auto Fetch And Emails,send_request_complaint_step_email,True,CANDIDATE — after cutover verification,life_slimming.api.server_scripts.send_request_complaint_step_email.run,Native replacement exists and recorded timestamp matches. Legacy API callers and business workflows have not been certified switched over.,2026-06-03 23:16:15.374289
Server Script: API,Client Stock Entries API V14,client_stock_entries_api_v14,True,CANDIDATE — after cutover verification,life_slimming.api.server_scripts.client_stock_entries_api_v14.run,Native replacement exists and recorded timestamp matches. Legacy API callers and business workflows have not been certified switched over.,2026-09-11 13:05:45.826739
Server Script: DocType Event,Client Transfer Request Form,,True,KEEP — active backend behavior,,Active DocType Event script; API migration does not replace this behavior.,2026-07-06 16:01:33.184265
Server Script: DocType Event,Client Transfer Request Form - Naming Series,,True,KEEP — active backend behavior,,Active DocType Event script; API migration does not replace this behavior.,2026-07-06 15:05:49.796026
Server Script: API,Client Transfer Request Form -Emalis,send_client_transfer_step_email,True,CANDIDATE — after cutover verification,life_slimming.api.server_scripts.send_client_transfer_step_email.run,Native replacement exists and recorded timestamp matches. Legacy API callers and business workflows have not been certified switched over.,2026-06-03 23:16:15.362770
Server Script: API,Client Transfer Request Form-Web Form Data Fetch,get_client_transfer_web_details,True,CANDIDATE — after cutover verification,life_slimming.api.server_scripts.get_client_transfer_web_details.run,Native replacement exists and recorded timestamp matches. Legacy API callers and business workflows have not been certified switched over.,2026-06-03 23:16:15.290973
Server Script: API,cluster_dashboard_api,cluster_dashboard_api,True,CANDIDATE — after cutover verification,life_slimming.api.server_scripts.cluster_dashboard_api.run,Native replacement exists and recorded timestamp matches. Legacy API callers and business workflows have not been certified switched over.,2026-08-27 12:17:37.554461
Server Script: DocType Event,Complaint Acknowledgement Mail to Client,,False,KEEP / archival review — already disabled,,Not executed as an enabled script; retain until backup and ownership/dependency review. Disabled does not prove obsolete.,2026-06-15 01:28:56.629795
Server Script: DocType Event,Complementy session,,True,KEEP — active backend behavior,,Active DocType Event script; API migration does not replace this behavior.,2026-06-03 23:16:15.561435
Server Script: DocType Event,Consultation Employee Auto fetch Into Therapy Plan,,False,KEEP / archival review — already disabled,,Not executed as an enabled script; retain until backup and ownership/dependency review. Disabled does not prove obsolete.,2026-05-11 15:31:33.457248
Server Script: DocType Event,create Stock Entry on Submit,,False,KEEP / archival review — already disabled,,Not executed as an enabled script; retain until backup and ownership/dependency review. Disabled does not prove obsolete.,2026-09-29 12:38:13.055247
Server Script: API,create_discount_request,create_discount_request,False,KEEP / archival review — already disabled,,Not executed as an enabled script; retain until backup and ownership/dependency review. Disabled does not prove obsolete.,2026-09-03 06:58:58.585417
Server Script: API,create_full_client_journey,create_full_client_journey,False,KEEP / archival review — already disabled,,Not executed as an enabled script; retain until backup and ownership/dependency review. Disabled does not prove obsolete.,2026-04-30 17:39:55.867699
Server Script: API,create_full_client_journey_v2,create_full_client_journey_v2,False,KEEP / archival review — already disabled,,Not executed as an enabled script; retain until backup and ownership/dependency review. Disabled does not prove obsolete.,2026-05-27 18:16:07.192530
Server Script: API,create_multiple_discount_approval_requests_v2,create_multiple_discount_approval_requests_v2,True,CANDIDATE — after cutover verification,life_slimming.api.server_scripts.create_multiple_discount_approval_requests_v2.run,Native replacement exists and recorded timestamp matches. Legacy API callers and business workflows have not been certified switched over.,2026-09-07 23:10:48.464301
Server Script: API,create_po_from_indent360,create_po_from_indent360,True,KEEP — migration blocker,life_slimming.api.server_scripts.create_po_from_indent360__72bd3525.run,Multiple enabled live scripts share this API method; callers and alias resolution require review.,2026-08-18 08:53:10.411416
Server Script: DocType Event,custom types for therapy template,,False,KEEP / archival review — already disabled,,Not executed as an enabled script; retain until backup and ownership/dependency review. Disabled does not prove obsolete.,2026-08-03 15:50:26.004213
Server Script: Scheduler Event,Daily follow-up scheduler On Client Complaint,,False,KEEP / archival review — already disabled,,Not executed as an enabled script; retain until backup and ownership/dependency review. Disabled does not prove obsolete.,2026-06-15 03:24:36.767526
Server Script: Scheduler Event,Daily Incentive Calculation,,True,KEEP — active backend behavior,,Active Scheduler Event script; API migration does not replace this behavior.,2026-06-23 18:52:07.777289
Server Script: DocType Event,Discount,,False,KEEP / archival review — already disabled,,Not executed as an enabled script; retain until backup and ownership/dependency review. Disabled does not prove obsolete.,2026-05-29 17:30:21.425958
Server Script: DocType Event,Discount approval test,,False,KEEP / archival review — already disabled,,Not executed as an enabled script; retain until backup and ownership/dependency review. Disabled does not prove obsolete.,2026-09-03 00:54:38.336802
Server Script: API,Discount approval test new billing,create_discount_approval_request,True,CANDIDATE — after cutover verification,life_slimming.api.server_scripts.create_discount_approval_request.run,Native replacement exists and recorded timestamp matches. Legacy API callers and business workflows have not been certified switched over.,2026-09-03 06:23:47.946170
Server Script: DocType Event,Disocunt Aporval,,True,KEEP — active backend behavior,,Active DocType Event script; API migration does not replace this behavior.,2026-09-08 13:19:03.627781
Server Script: API,dues_recovery_data,dues_recovery_data,True,CANDIDATE — after cutover verification,life_slimming.api.server_scripts.dues_recovery_data.run,Native replacement exists and recorded timestamp matches. Legacy API callers and business workflows have not been certified switched over.,2026-07-25 23:09:36.354447
Server Script: API,dues_recovery_save,dues_recovery_save,True,CANDIDATE — after cutover verification,life_slimming.api.server_scripts.dues_recovery_save.run,Native replacement exists and recorded timestamp matches. Legacy API callers and business workflows have not been certified switched over.,2026-07-25 23:09:36.418398
Server Script: DocType Event,Duplicate umage,,False,KEEP / archival review — already disabled,,Not executed as an enabled script; retain until backup and ownership/dependency review. Disabled does not prove obsolete.,2026-09-13 15:36:00.695191
Server Script: DocType Event,Dynamic status for approval of client to client PC,,True,KEEP — active backend behavior,,Active DocType Event script; API migration does not replace this behavior.,2026-06-24 22:36:06.783378
Server Script: DocType Event,Email For Materail Request,,True,KEEP — active backend behavior,,Active DocType Event script; API migration does not replace this behavior.,2026-06-03 23:16:15.226087
Server Script: DocType Event,Email for Purchase Order,,True,KEEP — active backend behavior,,Active DocType Event script; API migration does not replace this behavior.,2026-06-03 23:16:15.244380
Server Script: DocType Event,Email for Purchse inoive,,True,KEEP — active backend behavior,,Active DocType Event script; API migration does not replace this behavior.,2026-07-22 13:40:18.428383
Server Script: DocType Event,Email for supplier creation,,False,KEEP / archival review — already disabled,,Not executed as an enabled script; retain until backup and ownership/dependency review. Disabled does not prove obsolete.,2026-08-06 11:32:54.325469
Server Script: DocType Event,Eradicating name mandatory in Webform,,True,KEEP — active backend behavior,,Active DocType Event script; API migration does not replace this behavior.,2026-06-17 22:58:48.880102
Server Script: Scheduler Event,ESSL Biometric Attendance Sync,,True,KEEP — active backend behavior,,Active Scheduler Event script; API migration does not replace this behavior.,2026-06-03 23:16:15.401479
Server Script: API,ESSL Manual Sync Trigger,essl_manual_sync,True,CANDIDATE — after cutover verification,life_slimming.api.server_scripts.essl_manual_sync.run,Native replacement exists and recorded timestamp matches. Legacy API callers and business workflows have not been certified switched over.,2026-06-03 23:16:15.437803
Server Script: API,essl_biometric_checkin,essl_biometric_checkin,True,CANDIDATE — after cutover verification,life_slimming.api.server_scripts.essl_biometric_checkin.run,Native replacement exists and recorded timestamp matches. Legacy API callers and business workflows have not been certified switched over.,2026-06-03 23:16:14.957526
Server Script: DocType Event,Existing Client Advance Material Request,,True,KEEP — active backend behavior,,Active DocType Event script; API migration does not replace this behavior.,2026-10-02 13:53:05.271821
Server Script: DocType Event,expesne account in pi,,True,KEEP — active backend behavior,,Active DocType Event script; API migration does not replace this behavior.,2026-06-03 23:16:14.909960
Server Script: API,feedback,life_rise.api.get_session_details,True,CANDIDATE — after cutover verification,life_slimming.api.server_scripts.life_rise_api_get_session_details.run,Native replacement exists and recorded timestamp matches. Legacy API callers and business workflows have not been certified switched over.,2026-06-03 23:16:14.737964
Server Script: API,fetch_branch_data,fetch_branch_data,True,CANDIDATE — after cutover verification,life_slimming.api.server_scripts.fetch_branch_data.run,Native replacement exists and recorded timestamp matches. Legacy API callers and business workflows have not been certified switched over.,2026-06-03 23:16:14.875797
Server Script: DocType Event,files to public,,True,KEEP — active backend behavior,,Active DocType Event script; API migration does not replace this behavior.,2026-09-08 08:53:38.141119
Server Script: API,final approval test,apply_invoice_discount_NET_FINAL,True,CANDIDATE — after cutover verification,life_slimming.api.server_scripts.apply_invoice_discount_net_final.run,Native replacement exists and recorded timestamp matches. Legacy API callers and business workflows have not been certified switched over.,2026-09-03 15:22:20.509382
Server Script: API,Followup master diet english to telugu transfer,life_translate_telugu,True,CANDIDATE — after cutover verification,life_slimming.api.server_scripts.life_translate_telugu.run,Native replacement exists and recorded timestamp matches. Legacy API callers and business workflows have not been certified switched over.,2026-08-19 11:41:44.950734
Server Script: API,followup_master_api,followup_master_api,True,CANDIDATE — after cutover verification,life_slimming.api.server_scripts.followup_master_api.run,Native replacement exists and recorded timestamp matches. Legacy API callers and business workflows have not been certified switched over.,2026-07-31 19:50:19.546332
Server Script: Permission Query,for ditician permiion,,False,KEEP / archival review — already disabled,,Not executed as an enabled script; retain until backup and ownership/dependency review. Disabled does not prove obsolete.,2026-04-08 19:26:44.151715
Server Script: DocType Event,Force files to PUBLIC automatically (System-wide),,False,KEEP / archival review — already disabled,,Not executed as an enabled script; retain until backup and ownership/dependency review. Disabled does not prove obsolete.,2026-01-31 11:57:22.750508
Server Script: API,Get Branch Employees,get_branch_employees,True,CANDIDATE — after cutover verification,life_slimming.api.server_scripts.get_branch_employees.run,Native replacement exists and recorded timestamp matches. Legacy API callers and business workflows have not been certified switched over.,2026-06-03 23:16:14.783764
Server Script: API,Get Current User's Branch,get_user_branch,True,CANDIDATE — after cutover verification,life_slimming.api.server_scripts.get_user_branch.run,Native replacement exists and recorded timestamp matches. Legacy API callers and business workflows have not been certified switched over.,2026-06-03 23:16:14.846679
Server Script: API,Get Expenditure History,get_expenditure_history,True,CANDIDATE — after cutover verification,life_slimming.api.server_scripts.get_expenditure_history.run,Native replacement exists and recorded timestamp matches. Legacy API callers and business workflows have not been certified switched over.,2026-06-03 23:16:14.793776
Server Script: API,get_branch_approvers,get_branch_approvers,True,CANDIDATE — after cutover verification,life_slimming.api.server_scripts.get_branch_approvers.run,Native replacement exists and recorded timestamp matches. Legacy API callers and business workflows have not been certified switched over.,2026-09-04 18:49:43.096760
Server Script: API,get_branch_consultants,get_branch_consultants,True,CANDIDATE — after cutover verification,life_slimming.api.server_scripts.get_branch_consultants.run,Native replacement exists and recorded timestamp matches. Legacy API callers and business workflows have not been certified switched over.,2026-06-03 23:16:14.934631
Server Script: API,get_collection_gst_data,get_collection_gst_data,True,CANDIDATE — after cutover verification,life_slimming.api.server_scripts.get_collection_gst_data.run,Native replacement exists and recorded timestamp matches. Legacy API callers and business workflows have not been certified switched over.,2026-09-16 17:47:49.061148
Server Script: Permission Query,get_filtered_practitioners,get_filtered_practitioners,False,KEEP / archival review — already disabled,,Not executed as an enabled script; retain until backup and ownership/dependency review. Disabled does not prove obsolete.,2026-05-19 15:50:04.373069
Server Script: API,get_media_sale_data,get_media_sale_data,True,CANDIDATE — after cutover verification,life_slimming.api.server_scripts.get_media_sale_data.run,Native replacement exists and recorded timestamp matches. Legacy API callers and business workflows have not been certified switched over.,2026-08-17 19:20:48.592311
Server Script: API,get_media_sale_testing,get_media_sale_testing,True,CANDIDATE — after cutover verification,life_slimming.api.server_scripts.get_media_sale_testing.run,Native replacement exists and recorded timestamp matches. Legacy API callers and business workflows have not been certified switched over.,2026-08-17 19:20:26.262798
Server Script: API,get_pincode_details,get_pincode_details,False,KEEP / archival review — already disabled,,Not executed as an enabled script; retain until backup and ownership/dependency review. Disabled does not prove obsolete.,2026-07-01 15:56:22.574824
Server Script: API,get_practitioners_by_branch,get_practitioners_by_branch,True,CANDIDATE — after cutover verification,life_slimming.api.server_scripts.get_practitioners_by_branch.run,Native replacement exists and recorded timestamp matches. Legacy API callers and business workflows have not been certified switched over.,2026-06-03 23:16:15.166304
Server Script: API,get_reference_referral_summary,,True,CANDIDATE — after cutover verification,life_slimming.api.server_scripts.get_reference_referral_summary.run,Native replacement exists and recorded timestamp matches. Legacy API callers and business workflows have not been certified switched over.,2026-06-03 23:16:14.723028
Server Script: API,get_roster_employees,get_roster_employees,True,CANDIDATE — after cutover verification,life_slimming.api.server_scripts.get_roster_employees.run,Native replacement exists and recorded timestamp matches. Legacy API callers and business workflows have not been certified switched over.,2026-07-25 18:27:34.692036
Server Script: API,get_therapy_plans_for_patient,get_therapy_plans_for_patient,True,CANDIDATE — after cutover verification,life_slimming.api.server_scripts.get_therapy_plans_for_patient.run,Native replacement exists and recorded timestamp matches. Legacy API callers and business workflows have not been certified switched over.,2026-06-03 23:16:15.129041
Server Script: DocType Event,GLP Assessment Naming Series,,True,KEEP — active backend behavior,,Active DocType Event script; API migration does not replace this behavior.,2026-09-01 12:48:48.539237
Server Script: API,GLP Billing New Dashboard,lifescc.billing.create_client,False,KEEP / archival review — already disabled,,Not executed as an enabled script; retain until backup and ownership/dependency review. Disabled does not prove obsolete.,2026-09-03 19:55:12.478946
Server Script: API,GLP Dashboard,life_glp_dashboard_schema,False,KEEP / archival review — already disabled,,Not executed as an enabled script; retain until backup and ownership/dependency review. Disabled does not prove obsolete.,2026-08-22 18:15:08.170296
Server Script: API,GLP Dashboard For Execution,glp_finalize_sales_invoice_sessions,False,KEEP / archival review — already disabled,,Not executed as an enabled script; retain until backup and ownership/dependency review. Disabled does not prove obsolete.,2026-08-23 14:41:16.530692
Server Script: API,GLP Dose Approval,glp_dose_approval,False,KEEP / archival review — already disabled,,Not executed as an enabled script; retain until backup and ownership/dependency review. Disabled does not prove obsolete.,2026-08-26 12:29:28.400571
Server Script: DocType Event,Glp Dose Sessions,,False,KEEP / archival review — already disabled,,Not executed as an enabled script; retain until backup and ownership/dependency review. Disabled does not prove obsolete.,2026-08-26 12:29:33.640391
Server Script: DocType Event,Glp Doses 4 Sessions,,True,KEEP — active backend behavior,,Active DocType Event script; API migration does not replace this behavior.,2026-10-01 16:27:43.342712
Server Script: API,GLP Master Appointment Mark booked,life_glp_appointment_mark_done,True,KEEP — API absent from migration catalogue,,No named native replacement in the checked-in catalogue.,2026-09-30 14:25:57.625014
Server Script: DocType Event,GLP Sessions,,False,KEEP / archival review — already disabled,,Not executed as an enabled script; retain until backup and ownership/dependency review. Disabled does not prove obsolete.,2026-08-22 18:57:38.941928
Server Script: Scheduler Event,Google Sheet Lead Sync,,False,KEEP / archival review — already disabled,,Not executed as an enabled script; retain until backup and ownership/dependency review. Disabled does not prove obsolete.,2026-07-02 17:42:50.244112
Server Script: DocType Event,Grievance Ticket Auto No,,True,KEEP — active backend behavior,,Active DocType Event script; API migration does not replace this behavior.,2026-06-24 18:25:05.836209
Server Script: DocType Event,HR Employee Onboarding Auto Fetch Into Employee,,True,KEEP — active backend behavior,,Active DocType Event script; API migration does not replace this behavior.,2026-06-17 20:35:14.633055
Server Script: API,Hr Employee Onboarding Auto Save Details,life_hr_onboarding_autosave,False,KEEP / archival review — already disabled,,Not executed as an enabled script; retain until backup and ownership/dependency review. Disabled does not prove obsolete.,2026-10-01 11:21:17.541700
Server Script: DocType Event,HR Employee Onboarding Auto Workflow Advance,,False,KEEP / archival review — already disabled,,Not executed as an enabled script; retain until backup and ownership/dependency review. Disabled does not prove obsolete.,2026-06-15 16:39:20.031128
Server Script: API,Lead Assignment Configuration API,lead_assignment_configuration,True,CANDIDATE — after cutover verification,life_slimming.api.server_scripts.lead_assignment_configuration.run,Native replacement exists and recorded timestamp matches. Legacy API callers and business workflows have not been certified switched over.,2026-09-16 17:37:41.304336
Server Script: API,Lead Assignment Preview,lead_assignment_preview,False,KEEP / archival review — already disabled,,Not executed as an enabled script; retain until backup and ownership/dependency review. Disabled does not prove obsolete.,2026-08-17 07:39:21.509393
Server Script: API,Lead Assignment Preview API,lead_assignment_preview,True,CANDIDATE — after cutover verification,life_slimming.api.server_scripts.lead_assignment_preview.run,Native replacement exists and recorded timestamp matches. Legacy API callers and business workflows have not been certified switched over.,2026-09-16 16:43:06.608562
Server Script: DocType Event,Lead Auto Assignment (Weighted),,True,KEEP — active backend behavior,,Active DocType Event script; API migration does not replace this behavior.,2026-09-17 08:58:09.998638
Server Script: Scheduler Event,Lead Round Robin Assignment,,False,KEEP / archival review — already disabled,,Not executed as an enabled script; retain until backup and ownership/dependency review. Disabled does not prove obsolete.,2026-07-07 22:53:24.070558
Server Script: DocType Event,Lead Status Updated Date,,True,KEEP — active backend behavior,,Active DocType Event script; API migration does not replace this behavior.,2026-06-17 12:47:20.996151
Server Script: DocType Event,lead_converted_appointment_sync,,True,KEEP — active backend behavior,,Active DocType Event script; API migration does not replace this behavior.,2026-09-12 12:55:54.507166
Server Script: DocType Event,lead_normalise_mobile,,True,KEEP — active backend behavior,,Active DocType Event script; API migration does not replace this behavior.,2026-07-17 18:37:07.949259
Server Script: API,lead_owner_names,lead_owner_names,True,CANDIDATE — after cutover verification,life_slimming.api.server_scripts.lead_owner_names.run,Native replacement exists and recorded timestamp matches. Legacy API callers and business workflows have not been certified switched over.,2026-08-25 05:28:11.463926
Server Script: API,LIFE Apply Discount Approval,apply_invoice_discount,False,KEEP / archival review — already disabled,,Not executed as an enabled script; retain until backup and ownership/dependency review. Disabled does not prove obsolete.,2026-09-03 06:58:03.830915
Server Script: API,LIFE Approval Deployment Preflight,life_approval_deployment_preflight,False,KEEP / archival review — already disabled,,Not executed as an enabled script; retain until backup and ownership/dependency review. Disabled does not prove obsolete.,2026-09-24 07:33:53.184197
Server Script: DocType Event,LIFE Auto Attach PDF on Sales Invoice Submit,,False,KEEP / archival review — already disabled,,Not executed as an enabled script; retain until backup and ownership/dependency review. Disabled does not prove obsolete.,2026-06-01 13:30:42.013135
Server Script: DocType Event,LIFE Auto Credit Note On Submit,,False,KEEP / archival review — already disabled,,Not executed as an enabled script; retain until backup and ownership/dependency review. Disabled does not prove obsolete.,2026-06-01 18:27:55.559364
Server Script: DocType Event,LIFE Auto Due Date 30 Days,,True,KEEP — active backend behavior,,Active DocType Event script; API migration does not replace this behavior.,2026-06-03 23:16:15.021269
Server Script: API,LIFE Billing Package TEST - apply_invoice_discount_NET_FINAL_V2,life_billing_pkgtest_apply_invoice_discount_NET_FINAL_V2,True,KEEP — API absent from migration catalogue,,No named native replacement in the checked-in catalogue.,2026-10-03 14:24:10.426717
Server Script: API,LIFE Billing Package TEST - create_discount_approval_request,life_billing_pkgtest_create_discount_approval_request,True,KEEP — API absent from migration catalogue,,No named native replacement in the checked-in catalogue.,2026-10-03 14:24:10.488131
Server Script: API,LIFE Billing Package TEST - create_multiple_discount_approval_requests_v2,life_billing_pkgtest_create_multiple_discount_approval_requests_v2,True,KEEP — API absent from migration catalogue,,No named native replacement in the checked-in catalogue.,2026-10-03 14:24:10.410026
Server Script: API,LIFE Billing Package TEST - life_stock_fast_requests,life_billing_pkgtest_life_stock_fast_requests,True,KEEP — API absent from migration catalogue,,No named native replacement in the checked-in catalogue.,2026-10-03 14:24:09.927073
Server Script: API,LIFE Billing Package TEST - lifescc.billing.bootstrap,life_billing_pkgtest_lifescc_billing_bootstrap,True,KEEP — API absent from migration catalogue,,No named native replacement in the checked-in catalogue.,2026-10-03 14:24:10.385822
Server Script: API,LIFE Billing Package TEST - lifescc.billing.collect_payment_v4,life_billing_pkgtest_lifescc_billing_collect_payment_v4,True,KEEP — API absent from migration catalogue,,No named native replacement in the checked-in catalogue.,2026-10-03 14:24:10.446539
Server Script: API,LIFE Billing Package TEST - lifescc.billing.collections_report,life_billing_pkgtest_lifescc_billing_collections_report,True,KEEP — API absent from migration catalogue,,No named native replacement in the checked-in catalogue.,2026-10-03 14:24:10.543380
Server Script: API,LIFE Billing Package TEST - lifescc.billing.create_client,life_billing_pkgtest_lifescc_billing_create_client,True,KEEP — API absent from migration catalogue,,No named native replacement in the checked-in catalogue.,2026-10-03 14:24:10.467265
Server Script: API,LIFE Billing Package TEST - lifescc.billing.create_plan_and_invoice_TEST,life_billing_pkgtest_lifescc_billing_create_plan_and_invoice_TEST,True,KEEP — API absent from migration catalogue,,No named native replacement in the checked-in catalogue.,2026-10-03 14:24:10.327469
Server Script: API,LIFE Billing Package TEST - lifescc.billing.lead_lookup,life_billing_pkgtest_lifescc_billing_lead_lookup,True,KEEP — API absent from migration catalogue,,No named native replacement in the checked-in catalogue.,2026-10-03 14:24:10.520753
Server Script: API,LIFE Billing Package TEST - lifescc.billing.submit_invoice,life_billing_pkgtest_lifescc_billing_submit_invoice,True,KEEP — API absent from migration catalogue,,No named native replacement in the checked-in catalogue.,2026-10-03 14:24:10.533165
Server Script: API,LIFE Billing Package TEST - validate_coupon,life_billing_pkgtest_validate_coupon,True,KEEP — API absent from migration catalogue,,No named native replacement in the checked-in catalogue.,2026-10-03 14:24:10.505967
Server Script: DocType Event,LIFE Block Duplicate Invoice for Unpaid Therapy Plan,,False,KEEP / archival review — already disabled,,Not executed as an enabled script; retain until backup and ownership/dependency review. Disabled does not prove obsolete.,2026-04-24 15:00:04.060413
Server Script: DocType Event,LIFE Block Therapy Session if Not Invoiced,,True,KEEP — active backend behavior,,Active DocType Event script; API migration does not replace this behavior.,2026-09-01 17:56:42.197564
Server Script: DocType Event,LIFE Block Therapy Session if Plan Expired,,False,KEEP / archival review — already disabled,,Not executed as an enabled script; retain until backup and ownership/dependency review. Disabled does not prove obsolete.,2026-05-29 13:53:43.280469
Server Script: API,LIFE CC Agent Reports v2,life_cc_agent_report_v2,True,KEEP — API absent from migration catalogue,,No named native replacement in the checked-in catalogue.,2026-10-05 02:06:25.176853
Server Script: API,LIFE CC Agent Reports v2 Setup,life_cc_agent_setup_v2,True,KEEP — API absent from migration catalogue,,No named native replacement in the checked-in catalogue.,2026-10-05 01:10:55.449095
Server Script: API,LIFE CC Rebuild Audit v1,life_cc_rebuild_audit_v1,True,KEEP — API absent from migration catalogue,,No named native replacement in the checked-in catalogue.,2026-10-05 00:58:09.374613
Server Script: API,LIFE Client 360 Branch Safe Patient Lookup,life_client360_branch_patient_lookup,True,CANDIDATE — after cutover verification,life_slimming.api.server_scripts.life_client360_branch_patient_lookup.run,Native replacement exists and recorded timestamp matches. Legacy API callers and business workflows have not been certified switched over.,2026-09-25 15:55:38.891427
Server Script: API,LIFE Client Package Conversion Same Client Package To Package,send_same_client_conversion_step_email,True,CANDIDATE — after cutover verification,life_slimming.api.server_scripts.send_same_client_conversion_step_email.run,Native replacement exists and recorded timestamp matches. Legacy API callers and business workflows have not been certified switched over.,2026-06-03 23:16:15.351540
Server Script: API,LIFE Client Record Book API,life_client_record_book_api,True,CANDIDATE — after cutover verification,life_slimming.api.server_scripts.life_client_record_book_api.run,Native replacement exists and recorded timestamp matches. Legacy API callers and business workflows have not been certified switched over.,2026-09-25 18:47:43.694074
Server Script: DocType Event,LIFE Client Record Book Unique Validation,,True,KEEP — active backend behavior,,Active DocType Event script; API migration does not replace this behavior.,2026-09-25 18:47:43.714625
Server Script: DocType Event,LIFE Comp Sessions Push to Therapy Plan,,True,KEEP — active backend behavior,,Active DocType Event script; API migration does not replace this behavior.,2026-06-03 23:16:15.586343
Server Script: API,LIFE ConVox Call Popup API,life_convox_call_popup,True,KEEP — migration blocker,life_slimming.api.server_scripts.life_convox_call_popup.run,Guest callback endpoint; external callback configuration must be switched and tested first.,2026-09-17 10:58:42.090050
Server Script: API,LIFE ConVox Call Status API,life_convox_call_status,True,KEEP — migration blocker,life_slimming.api.server_scripts.life_convox_call_status.run,Guest callback endpoint; external callback configuration must be switched and tested first.,2026-09-17 15:33:58.926182
Server Script: API,LIFE ConVox Click To Call API,life_convox_api,True,CANDIDATE — after cutover verification,life_slimming.api.server_scripts.life_convox_api.run,Native replacement exists and recorded timestamp matches. Legacy API callers and business workflows have not been certified switched over.,2026-09-17 09:36:47.369089
Server Script: API,LIFE ConVox Frontend API,life_convox_frontend,True,CANDIDATE — after cutover verification,life_slimming.api.server_scripts.life_convox_frontend.run,Native replacement exists and recorded timestamp matches. Legacy API callers and business workflows have not been certified switched over.,2026-09-17 15:33:58.876662
Server Script: API,LIFE Data Correction API,life_data_correction_api,True,CANDIDATE — after cutover verification,life_slimming.api.server_scripts.life_data_correction_api.run,Native replacement exists and recorded timestamp matches. Legacy API callers and business workflows have not been certified switched over.,2026-09-20 20:07:11.984558
Server Script: API,LIFE DCR TEST API,life_dcr_test_api,True,KEEP — API absent from migration catalogue,,No named native replacement in the checked-in catalogue.,2026-10-02 02:29:07.183276
Server Script: DocType Event,LIFE DCR TEST Audit Before Delete,,True,KEEP — active backend behavior,,Active DocType Event script; API migration does not replace this behavior.,2026-10-02 02:25:59.725346
Server Script: DocType Event,LIFE DCR TEST Audit Before Rename,,True,KEEP — active backend behavior,,Active DocType Event script; API migration does not replace this behavior.,2026-10-02 02:25:59.732576
Server Script: DocType Event,LIFE DCR TEST Audit Guard,,True,KEEP — active backend behavior,,Active DocType Event script; API migration does not replace this behavior.,2026-10-02 02:25:59.685666
Server Script: DocType Event,LIFE DCR TEST Request Before Delete,,True,KEEP — active backend behavior,,Active DocType Event script; API migration does not replace this behavior.,2026-10-02 02:25:59.710385
Server Script: DocType Event,LIFE DCR TEST Request Before Rename,,True,KEEP — active backend behavior,,Active DocType Event script; API migration does not replace this behavior.,2026-10-02 02:25:59.717790
Server Script: DocType Event,LIFE DCR TEST Request Guard,,True,KEEP — active backend behavior,,Active DocType Event script; API migration does not replace this behavior.,2026-10-02 02:25:59.680458
Server Script: DocType Event,LIFE DCR TEST Rule Before Delete,,True,KEEP — active backend behavior,,Active DocType Event script; API migration does not replace this behavior.,2026-10-02 02:25:59.740407
Server Script: DocType Event,LIFE DCR TEST Rule Before Rename,,True,KEEP — active backend behavior,,Active DocType Event script; API migration does not replace this behavior.,2026-10-02 02:25:59.748464
Server Script: API,LIFE DCR TEST Setup,life_dcr_test_setup,False,KEEP / archival review — already disabled,,Not executed as an enabled script; retain until backup and ownership/dependency review. Disabled does not prove obsolete.,2026-10-02 02:33:21.069930
Server Script: DocType Event,LIFE DCR TEST Source Before Cancel,,True,KEEP — active backend behavior,,Active DocType Event script; API migration does not replace this behavior.,2026-10-02 02:25:59.669490
Server Script: DocType Event,LIFE DCR TEST Source Before Delete,,True,KEEP — active backend behavior,,Active DocType Event script; API migration does not replace this behavior.,2026-10-02 02:25:59.693955
Server Script: DocType Event,LIFE DCR TEST Source Before Rename,,True,KEEP — active backend behavior,,Active DocType Event script; API migration does not replace this behavior.,2026-10-02 02:25:59.701815
Server Script: DocType Event,LIFE DCR TEST Source Before Save,,True,KEEP — active backend behavior,,Active DocType Event script; API migration does not replace this behavior.,2026-10-02 02:25:59.637840
Server Script: DocType Event,LIFE DCR TEST Source Before Save (Submitted Document),,True,KEEP — active backend behavior,,Active DocType Event script; API migration does not replace this behavior.,2026-10-02 02:25:59.656358
Server Script: DocType Event,LIFE Discount Cycle Tracker Update,,True,KEEP — active backend behavior,,Active DocType Event script; API migration does not replace this behavior.,2026-06-03 23:16:14.975289
Server Script: DocType Event,LIFE Fix Sales Invoice Due Date,,True,KEEP — active backend behavior,,Active DocType Event script; API migration does not replace this behavior.,2026-06-03 23:16:15.009428
Server Script: API,LIFE GLP Prepare Client,life_glp_prepare_client_v61,True,CANDIDATE — after cutover verification,life_slimming.api.server_scripts.life_glp_prepare_client_v61.run,Native replacement exists and recorded timestamp matches. Legacy API callers and business workflows have not been certified switched over.,2026-09-01 13:12:18.243250
Server Script: Permission Query,LIFE Hide Expired Clients from Non-Admin,,False,KEEP / archival review — already disabled,,Not executed as an enabled script; retain until backup and ownership/dependency review. Disabled does not prove obsolete.,2026-06-16 17:52:24.171416
Server Script: Permission Query,LIFE Hide Expired Therapy Plans from Non-Admin,,False,KEEP / archival review — already disabled,,Not executed as an enabled script; retain until backup and ownership/dependency review. Disabled does not prove obsolete.,2026-05-29 13:11:52.555841
Server Script: DocType Event,LIFE Lock Therapy Offer Pricing,,True,KEEP — active backend behavior,,Active DocType Event script; API migration does not replace this behavior.,2026-08-03 18:15:36.969558
Server Script: Permission Query,LIFE Material Request Target Warehouse Permission,,False,KEEP / archival review — already disabled,,Not executed as an enabled script; retain until backup and ownership/dependency review. Disabled does not prove obsolete.,2026-07-25 14:11:37.426192
Server Script: API,LIFE Office Approval Action,life_office_approval_action,True,CANDIDATE — after cutover verification,life_slimming.api.server_scripts.life_office_approval_action.run,Native replacement exists and recorded timestamp matches. Legacy API callers and business workflows have not been certified switched over.,2026-09-17 20:31:58.578000
Server Script: DocType Event,LIFE Preserve Approved Discount on Save,,False,KEEP / archival review — already disabled,,Not executed as an enabled script; retain until backup and ownership/dependency review. Disabled does not prove obsolete.,2026-04-23 01:24:49.100530
Server Script: Scheduler Event,LIFE Previous Day Attendance Finalizer,,True,KEEP — active backend behavior,,Active Scheduler Event script; API migration does not replace this behavior.,2026-09-15 17:23:46.692800
Server Script: DocType Event,LIFE Recheck Therapy Plan Invoiced After Payment Cancel,,True,KEEP — active backend behavior,,Active DocType Event script; API migration does not replace this behavior.,2026-06-03 23:16:15.055521
Server Script: DocType Event,LIFE Reset Invoiced On SI Cancel,,True,KEEP — active backend behavior,,Active DocType Event script; API migration does not replace this behavior.,2026-06-03 23:16:15.116517
Server Script: DocType Event,LIFE Reset Therapy Plan Invoiced On SI Submit,,False,KEEP / archival review — already disabled,,Not executed as an enabled script; retain until backup and ownership/dependency review. Disabled does not prove obsolete.,2026-04-24 14:59:51.820360
Server Script: API,LIFE Save Comp Sessions on Submitted Invoice,save_comp_sessions_on_submitted_invoice,False,KEEP / archival review — already disabled,,Not executed as an enabled script; retain until backup and ownership/dependency review. Disabled does not prove obsolete.,2026-06-01 13:23:43.825216
Server Script: DocType Event,LIFE Set Therapy Plan Invoiced On Payment,,False,KEEP / archival review — already disabled,,Not executed as an enabled script; retain until backup and ownership/dependency review. Disabled does not prove obsolete.,2026-04-25 13:02:15.328433
Server Script: Permission Query,LIFE Stock Entry Target Warehouse Permission,,True,KEEP — active backend behavior,,Active Permission Query script; API migration does not replace this behavior.,2026-07-25 13:03:57.873352
Server Script: Scheduler Event,LIFE Submit Previous Day Draft Attendance,,True,KEEP — active backend behavior,,Active Scheduler Event script; API migration does not replace this behavior.,2026-09-15 20:17:16.482382
Server Script: DocType Event,LIFE Sync custom_therapy_plan from Reference ID,,True,KEEP — active backend behavior,,Active DocType Event script; API migration does not replace this behavior.,2026-06-03 23:16:15.033004
Server Script: DocType Event,LIFE Therapy Session Payment Validation,,True,KEEP — active backend behavior,,Active DocType Event script; API migration does not replace this behavior.,2026-09-23 16:12:25.473273
Server Script: DocType Event,LIFE Unset Therapy Plan Invoiced On Payment Cancel,,False,KEEP / archival review — already disabled,,Not executed as an enabled script; retain until backup and ownership/dependency review. Disabled does not prove obsolete.,2026-04-26 19:48:53.623733
Server Script: DocType Event,LIFE Update Therapy Plan Invoiced After Payment Entry,,True,KEEP — active backend behavior,,Active DocType Event script; API migration does not replace this behavior.,2026-06-03 23:16:15.043927
Server Script: DocType Event,LIFE Update Therapy Plan Invoiced on Payment,,True,KEEP — active backend behavior,,Active DocType Event script; API migration does not replace this behavior.,2026-06-03 23:16:15.068162
Server Script: Scheduler Event,LIFE WATI Attendance 1159,,True,KEEP — active backend behavior,,Active Scheduler Event script; API migration does not replace this behavior.,2026-09-15 17:20:05.507544
Server Script: API,LIFE WATI Daily Reports API,life_wati_daily_reports,True,CANDIDATE — after cutover verification,life_slimming.api.server_scripts.life_wati_daily_reports.run,Native replacement exists and recorded timestamp matches. Legacy API callers and business workflows have not been certified switched over.,2026-09-15 19:37:24.496147
Server Script: Scheduler Event,LIFE WATI Doctor 2030,,True,KEEP — active backend behavior,,Active Scheduler Event script; API migration does not replace this behavior.,2026-09-15 17:20:05.549520
Server Script: DocType Event,LIFE Website Chat Direct Assignment,,False,KEEP / archival review — already disabled,,Not executed as an enabled script; retain until backup and ownership/dependency review. Disabled does not prove obsolete.,2026-09-17 08:58:10.033422
Server Script: API,life_accounts_dashboard,life_accounts_dashboard,True,CANDIDATE — after cutover verification,life_slimming.api.server_scripts.life_accounts_dashboard.run,Native replacement exists and recorded timestamp matches. Legacy API callers and business workflows have not been certified switched over.,2026-07-15 05:48:22.486139
Server Script: API,life_branch_therapy_stock_transfer,life_branch_therapy_stock_transfer,True,CANDIDATE — after cutover verification,life_slimming.api.server_scripts.life_branch_therapy_stock_transfer.run,Native replacement exists and recorded timestamp matches. Legacy API callers and business workflows have not been certified switched over.,2026-09-11 00:00:02.207242
Server Script: API,life_discount_invoice_report,life_discount_invoice_report,True,CANDIDATE — after cutover verification,life_slimming.api.server_scripts.life_discount_invoice_report.run,Native replacement exists and recorded timestamp matches. Legacy API callers and business workflows have not been certified switched over.,2026-09-07 20:40:04.179648
Server Script: API,life_get_template_offer_price,life_get_template_offer_price,True,CANDIDATE — after cutover verification,life_slimming.api.server_scripts.life_get_template_offer_price.run,Native replacement exists and recorded timestamp matches. Legacy API callers and business workflows have not been certified switched over.,2026-09-14 16:11:53.010009
Server Script: API,life_glp_appointment_safe_update,life_glp_appointment_safe_update,True,KEEP — API absent from migration catalogue,,No named native replacement in the checked-in catalogue.,2026-09-30 14:34:59.638156
Server Script: API,life_hrms_360_api,life_hrms_360_api,True,CANDIDATE — after cutover verification,life_slimming.api.server_scripts.life_hrms_360_api.run,Native replacement exists and recorded timestamp matches. Legacy API callers and business workflows have not been certified switched over.,2026-09-13 16:00:32.402098
Server Script: API,life_stock_item_editor,life_stock_item_editor,True,CANDIDATE — after cutover verification,life_slimming.api.server_scripts.life_stock_item_editor.run,Native replacement exists and recorded timestamp matches. Legacy API callers and business workflows have not been certified switched over.,2026-09-10 17:49:34.764773
Server Script: API,life_stock_xlsx_export,life_stock_xlsx_export,False,KEEP / archival review — already disabled,,Not executed as an enabled script; retain until backup and ownership/dependency review. Disabled does not prove obsolete.,2026-09-10 17:13:57.732654
Server Script: API,life_stores_360_live_api,life_stores_360_live_api,True,CANDIDATE — after cutover verification,life_slimming.api.server_scripts.life_stores_360_live_api.run,Native replacement exists and recorded timestamp matches. Legacy API callers and business workflows have not been certified switched over.,2026-09-30 12:01:34.538247
Server Script: DocType Event,LIFESCC Consultation Form-BeforeSave,,True,KEEP — active backend behavior,,Active DocType Event script; API migration does not replace this behavior.,2026-06-03 23:16:14.943695
Server Script: API,lifescc_hrms_dashboard,lifescc_hrms_dashboard,True,CANDIDATE — after cutover verification,life_slimming.api.server_scripts.lifescc_hrms_dashboard.run,Native replacement exists and recorded timestamp matches. Legacy API callers and business workflows have not been certified switched over.,2026-07-19 08:26:19.736997
Server Script: API,lifescc.billing.bootstrap,lifescc.billing.bootstrap,True,CANDIDATE — after cutover verification,life_slimming.api.server_scripts.lifescc_billing_bootstrap.run,Native replacement exists and recorded timestamp matches. Legacy API callers and business workflows have not been certified switched over.,2026-09-16 18:07:53.725729
Server Script: API,lifescc.billing.bootstrap_test,lifescc.billing.bootstrap_test,True,CANDIDATE — after cutover verification,life_slimming.api.server_scripts.lifescc_billing_bootstrap_test.run,Native replacement exists and recorded timestamp matches. Legacy API callers and business workflows have not been certified switched over.,2026-09-16 17:45:39.629194
Server Script: API,lifescc.billing.collect_payment,lifescc.billing.collect_payment,True,CANDIDATE — after cutover verification,life_slimming.api.server_scripts.lifescc_billing_collect_payment.run,Native replacement exists and recorded timestamp matches. Legacy API callers and business workflows have not been certified switched over.,2026-07-29 03:56:05.810402
Server Script: API,lifescc.billing.collect_payment_v4,lifescc.billing.collect_payment_v4,True,CANDIDATE — after cutover verification,life_slimming.api.server_scripts.lifescc_billing_collect_payment_v4.run,Native replacement exists and recorded timestamp matches. Legacy API callers and business workflows have not been certified switched over.,2026-09-07 22:56:11.026743
Server Script: API,lifescc.billing.collections_report,lifescc.billing.collections_report,True,CANDIDATE — after cutover verification,life_slimming.api.server_scripts.lifescc_billing_collections_report.run,Native replacement exists and recorded timestamp matches. Legacy API callers and business workflows have not been certified switched over.,2026-07-27 11:49:32.259519
Server Script: API,lifescc.billing.create_client,lifescc.billing.create_client,True,CANDIDATE — after cutover verification,life_slimming.api.server_scripts.lifescc_billing_create_client.run,Native replacement exists and recorded timestamp matches. Legacy API callers and business workflows have not been certified switched over.,2026-09-03 19:56:06.256219
Server Script: API,lifescc.billing.create_plan_and_invoice,lifescc.billing.create_plan_and_invoice,True,CANDIDATE — after cutover verification,life_slimming.api.server_scripts.lifescc_billing_create_plan_and_invoice.run,Native replacement exists and recorded timestamp matches. Legacy API callers and business workflows have not been certified switched over.,2026-08-23 13:38:17.566795
Server Script: API,lifescc.billing.create_plan_and_invoice_TEST,lifescc.billing.create_plan_and_invoice_TEST,True,CANDIDATE — after cutover verification,life_slimming.api.server_scripts.lifescc_billing_create_plan_and_invoice_test.run,Native replacement exists and recorded timestamp matches. Legacy API callers and business workflows have not been certified switched over.,2026-09-20 12:21:45.387178
Server Script: API,lifescc.billing.lead_lookup,lifescc.billing.lead_lookup,True,CANDIDATE — after cutover verification,life_slimming.api.server_scripts.lifescc_billing_lead_lookup.run,Native replacement exists and recorded timestamp matches. Legacy API callers and business workflows have not been certified switched over.,2026-07-27 17:23:16.324855
Server Script: API,lifescc.billing.submit_invoice,lifescc.billing.submit_invoice,True,CANDIDATE — after cutover verification,life_slimming.api.server_scripts.lifescc_billing_submit_invoice.run,Native replacement exists and recorded timestamp matches. Legacy API callers and business workflows have not been certified switched over.,2026-07-27 12:11:16.389891
Server Script: DocType Event,Lock Therapy Plan After Invoice Submitted,,False,KEEP / archival review — already disabled,,Not executed as an enabled script; retain until backup and ownership/dependency review. Disabled does not prove obsolete.,2026-06-01 13:23:50.951247
Server Script: API,Machinary Transfer,get_store_warehouses_for_transfer,True,CANDIDATE — after cutover verification,life_slimming.api.server_scripts.get_store_warehouses_for_transfer.run,Native replacement exists and recorded timestamp matches. Legacy API callers and business workflows have not been certified switched over.,2026-06-03 23:16:15.479150
Server Script: API,Machinery Request and Transfer flow,life_get_machinery_transfers,True,CANDIDATE — after cutover verification,life_slimming.api.server_scripts.life_get_machinery_transfers.run,Native replacement exists and recorded timestamp matches. Legacy API callers and business workflows have not been certified switched over.,2026-08-13 11:47:30.893658
Server Script: DocType Event,Machinery Request Approval Validation,,True,KEEP — active backend behavior,,Active DocType Event script; API migration does not replace this behavior.,2026-08-09 13:34:15.753634
Server Script: API,Machinery Request Approvals,life_get_machinery_requests,True,CANDIDATE — after cutover verification,life_slimming.api.server_scripts.life_get_machinery_requests.run,Native replacement exists and recorded timestamp matches. Legacy API callers and business workflows have not been certified switched over.,2026-08-12 14:40:18.994686
Server Script: API,Machinery request create Permission,life_create_machinery_request,True,CANDIDATE — after cutover verification,life_slimming.api.server_scripts.life_create_machinery_request.run,Native replacement exists and recorded timestamp matches. Legacy API callers and business workflows have not been certified switched over.,2026-08-12 15:27:54.412458
Server Script: API,Machinery Request Source Warehouse,life_get_source_warehouses,True,CANDIDATE — after cutover verification,life_slimming.api.server_scripts.life_get_source_warehouses.run,Native replacement exists and recorded timestamp matches. Legacy API callers and business workflows have not been certified switched over.,2026-08-09 12:45:40.984936
Server Script: API,Machinery Transfer Availabillity,life_get_machinery_availability,True,CANDIDATE — after cutover verification,life_slimming.api.server_scripts.life_get_machinery_availability.run,Native replacement exists and recorded timestamp matches. Legacy API callers and business workflows have not been certified switched over.,2026-08-11 18:20:38.976399
Server Script: API,Machinery Trasfer,life_mark_machinery_transfer_ready,True,CANDIDATE — after cutover verification,life_slimming.api.server_scripts.life_mark_machinery_transfer_ready.run,Native replacement exists and recorded timestamp matches. Legacy API callers and business workflows have not been certified switched over.,2026-08-12 13:49:51.886571
Server Script: API,Machonery Request Assets,life_get_source_machinery_assets,True,CANDIDATE — after cutover verification,life_slimming.api.server_scripts.life_get_source_machinery_assets.run,Native replacement exists and recorded timestamp matches. Legacy API callers and business workflows have not been certified switched over.,2026-08-09 12:46:14.693644
Server Script: DocType Event,Mask Mobile - Lead On Load,,False,KEEP / archival review — already disabled,,Not executed as an enabled script; retain until backup and ownership/dependency review. Disabled does not prove obsolete.,2026-05-22 12:12:49.847324
Server Script: DocType Event,mask mobile number,,False,KEEP / archival review — already disabled,,Not executed as an enabled script; retain until backup and ownership/dependency review. Disabled does not prove obsolete.,2026-04-18 07:03:49.036308
Server Script: API,mask_mobile_on_export,mask_mobile_on_export,True,CANDIDATE — after cutover verification,life_slimming.api.server_scripts.mask_mobile_on_export.run,Native replacement exists and recorded timestamp matches. Legacy API callers and business workflows have not been certified switched over.,2026-06-03 23:16:14.920702
Server Script: DocType Event,MD LEADS AUTO ASSIGN,,True,KEEP — active backend behavior,,Active DocType Event script; API migration does not replace this behavior.,2026-09-16 20:36:32.133522
Server Script: API,md_360_api,md_360_api,True,CANDIDATE — after cutover verification,life_slimming.api.server_scripts.md_360_api.run,Native replacement exists and recorded timestamp matches. Legacy API callers and business workflows have not been certified switched over.,2026-08-02 11:45:46.296722
Server Script: API,md_accounts_api,md_accounts_api,True,CANDIDATE — after cutover verification,life_slimming.api.server_scripts.md_accounts_api.run,Native replacement exists and recorded timestamp matches. Legacy API callers and business workflows have not been certified switched over.,2026-08-04 15:42:16.005525
Server Script: API,md_approvals_api,md_approvals_api,True,CANDIDATE — after cutover verification,life_slimming.api.server_scripts.md_approvals_api.run,Native replacement exists and recorded timestamp matches. Legacy API callers and business workflows have not been certified switched over.,2026-08-26 12:13:06.758893
Server Script: API,md_audit_api,md_audit_api,True,CANDIDATE — after cutover verification,life_slimming.api.server_scripts.md_audit_api.run,Native replacement exists and recorded timestamp matches. Legacy API callers and business workflows have not been certified switched over.,2026-08-04 13:09:42.273302
Server Script: API,md_cash_api,md_cash_api,True,CANDIDATE — after cutover verification,life_slimming.api.server_scripts.md_cash_api.run,Native replacement exists and recorded timestamp matches. Legacy API callers and business workflows have not been certified switched over.,2026-08-19 19:12:37.991137
Server Script: API,md_client_api,md_client_api,True,CANDIDATE — after cutover verification,life_slimming.api.server_scripts.md_client_api.run,Native replacement exists and recorded timestamp matches. Legacy API callers and business workflows have not been certified switched over.,2026-08-19 19:13:11.828326
Server Script: API,md_command_center_api,md_command_center_api,True,CANDIDATE — after cutover verification,life_slimming.api.server_scripts.md_command_center_api.run,Native replacement exists and recorded timestamp matches. Legacy API callers and business workflows have not been certified switched over.,2026-08-26 12:12:50.501136
Server Script: API,md_create_po_draft,md_create_po_draft,True,CANDIDATE — after cutover verification,life_slimming.api.server_scripts.md_create_po_draft.run,Native replacement exists and recorded timestamp matches. Legacy API callers and business workflows have not been certified switched over.,2026-08-03 12:07:40.779967
Server Script: API,md_crm_api,md_crm_api,True,CANDIDATE — after cutover verification,life_slimming.api.server_scripts.md_crm_api.run,Native replacement exists and recorded timestamp matches. Legacy API callers and business workflows have not been certified switched over.,2026-08-04 13:09:18.455547
Server Script: API,md_dashboard_prefs,md_dashboard_prefs,True,CANDIDATE — after cutover verification,life_slimming.api.server_scripts.md_dashboard_prefs.run,Native replacement exists and recorded timestamp matches. Legacy API callers and business workflows have not been certified switched over.,2026-08-19 19:12:58.225524
Server Script: API,md_employee_sales_api,md_employee_sales_api,True,CANDIDATE — after cutover verification,life_slimming.api.server_scripts.md_employee_sales_api.run,Native replacement exists and recorded timestamp matches. Legacy API callers and business workflows have not been certified switched over.,2026-08-05 11:22:36.080780
Server Script: API,md_forecast_api,md_forecast_api,True,CANDIDATE — after cutover verification,life_slimming.api.server_scripts.md_forecast_api.run,Native replacement exists and recorded timestamp matches. Legacy API callers and business workflows have not been certified switched over.,2026-08-04 13:10:26.818898
Server Script: API,md_hr_api,md_hr_api,True,CANDIDATE — after cutover verification,life_slimming.api.server_scripts.md_hr_api.run,Native replacement exists and recorded timestamp matches. Legacy API callers and business workflows have not been certified switched over.,2026-08-01 18:40:00.643537
Server Script: API,md_indent_report_api,md_indent_report_api,True,CANDIDATE — after cutover verification,life_slimming.api.server_scripts.md_indent_report_api.run,Native replacement exists and recorded timestamp matches. Legacy API callers and business workflows have not been certified switched over.,2026-08-03 11:55:24.607893
Server Script: API,md_live_dashboard_api,md_live_dashboard_api,True,CANDIDATE — after cutover verification,life_slimming.api.server_scripts.md_live_dashboard_api.run,Native replacement exists and recorded timestamp matches. Legacy API callers and business workflows have not been certified switched over.,2026-08-02 11:46:06.213396
Server Script: API,md_my_approvals_api,md_my_approvals_api,True,CANDIDATE — after cutover verification,life_slimming.api.server_scripts.md_my_approvals_api.run,Native replacement exists and recorded timestamp matches. Legacy API callers and business workflows have not been certified switched over.,2026-08-07 08:53:08.170000
Server Script: API,md_stock_api,md_stock_api,True,CANDIDATE — after cutover verification,life_slimming.api.server_scripts.md_stock_api.run,Native replacement exists and recorded timestamp matches. Legacy API callers and business workflows have not been certified switched over.,2026-07-31 05:49:09.361797
Server Script: API,md_supplier_api,md_supplier_api,True,CANDIDATE — after cutover verification,life_slimming.api.server_scripts.md_supplier_api.run,Native replacement exists and recorded timestamp matches. Legacy API callers and business workflows have not been certified switched over.,2026-07-31 05:50:13.395061
Server Script: API,md_target_daily_api,md_target_daily_api,True,CANDIDATE — after cutover verification,life_slimming.api.server_scripts.md_target_daily_api.run,Native replacement exists and recorded timestamp matches. Legacy API callers and business workflows have not been certified switched over.,2026-08-01 19:21:05.366265
Server Script: API,md_vendor_ageing_api,md_vendor_ageing_api,True,CANDIDATE — after cutover verification,life_slimming.api.server_scripts.md_vendor_ageing_api.run,Native replacement exists and recorded timestamp matches. Legacy API callers and business workflows have not been certified switched over.,2026-08-04 13:08:55.191774
Server Script: DocType Event,mobile number mask,,False,KEEP / archival review — already disabled,,Not executed as an enabled script; retain until backup and ownership/dependency review. Disabled does not prove obsolete.,2026-04-18 07:03:49.013211
Server Script: DocType Event,Mobile Number Validation,,True,KEEP — active backend behavior,,Active DocType Event script; API migration does not replace this behavior.,2026-06-03 23:16:15.489316
Server Script: API,Monthly indent access for branches,life_monthly_indent_access,True,CANDIDATE — after cutover verification,life_slimming.api.server_scripts.life_monthly_indent_access.run,Native replacement exists and recorded timestamp matches. Legacy API callers and business workflows have not been certified switched over.,2026-07-25 01:37:08.489188
Server Script: DocType Event,Notify L4 Discount Approver,,True,KEEP — active backend behavior,,Active DocType Event script; API migration does not replace this behavior.,2026-08-07 08:41:17.659401
Server Script: API,Operations & Service Module,life_room_ops_dashboard_get_data,True,CANDIDATE — after cutover verification,life_slimming.api.server_scripts.life_room_ops_dashboard_get_data.run,Native replacement exists and recorded timestamp matches. Legacy API callers and business workflows have not been certified switched over.,2026-07-10 18:54:43.737576
Server Script: API,Operations & Service Module Healthcare Practitioner Names,life_ops_branch_practitioners,True,CANDIDATE — after cutover verification,life_slimming.api.server_scripts.life_ops_branch_practitioners.run,Native replacement exists and recorded timestamp matches. Legacy API callers and business workflows have not been certified switched over.,2026-09-10 17:44:19.214584
Server Script: DocType Event,OPTIONS FOR STAUS IN LEAD,,False,KEEP / archival review — already disabled,,Not executed as an enabled script; retain until backup and ownership/dependency review. Disabled does not prove obsolete.,2026-04-04 13:31:04.578700
Server Script: DocType Event,P2P Dynamic Status Before Save,,True,KEEP — active backend behavior,,Active DocType Event script; API migration does not replace this behavior.,2026-09-17 20:31:58.608376
Server Script: API,p2p run final automation,p2p_run_final_automation,True,CANDIDATE — after cutover verification,life_slimming.api.server_scripts.p2p_run_final_automation.run,Native replacement exists and recorded timestamp matches. Legacy API callers and business workflows have not been certified switched over.,2026-09-09 14:38:07.556783
Server Script: DocType Event,P2P Snapshot Before Therapy Update,,True,KEEP — active backend behavior,,Active DocType Event script; API migration does not replace this behavior.,2026-06-29 23:04:48.175670
Server Script: DocType Event,Patient Auto Link Lead on Save,,True,KEEP — active backend behavior,,Active DocType Event script; API migration does not replace this behavior.,2026-06-16 00:42:52.372463
Server Script: Permission Query,Patient Multi Branch Permission Query,,False,KEEP / archival review — already disabled,,Not executed as an enabled script; retain until backup and ownership/dependency review. Disabled does not prove obsolete.,2026-07-02 15:54:30.264762
Server Script: Permission Query,Patient Permission Query,,False,KEEP / archival review — already disabled,,Not executed as an enabled script; retain until backup and ownership/dependency review. Disabled does not prove obsolete.,2026-06-16 17:52:16.870699
Server Script: API,payables_planner_api,payables_planner_api,True,CANDIDATE — after cutover verification,life_slimming.api.server_scripts.payables_planner_api.run,Native replacement exists and recorded timestamp matches. Legacy API callers and business workflows have not been certified switched over.,2026-09-24 20:22:15.322164
Server Script: DocType Event,PAYMENT ENTRY → UPDATE / APPEND CHILD TABLE,,False,KEEP / archival review — already disabled,,Not executed as an enabled script; retain until backup and ownership/dependency review. Disabled does not prove obsolete.,2026-04-03 20:23:35.313052
Server Script: Permission Query,Payment Entry Invoce Wise Branch,,False,KEEP / archival review — already disabled,,Not executed as an enabled script; retain until backup and ownership/dependency review. Disabled does not prove obsolete.,2026-07-01 23:59:47.916290
Server Script: DocType Event,Payment Entry Sales Invoice Branch Wise,,False,KEEP / archival review — already disabled,,Not executed as an enabled script; retain until backup and ownership/dependency review. Disabled does not prove obsolete.,2026-07-01 23:59:59.247292
Server Script: DocType Event,Permanent overlap suppression-Therpy session,,True,KEEP — active backend behavior,,Active DocType Event script; API migration does not replace this behavior.,2026-08-01 12:42:26.427947
Server Script: API,portal_is_system_manager,portal_is_system_manager,True,CANDIDATE — after cutover verification,life_slimming.api.server_scripts.portal_is_system_manager.run,Native replacement exists and recorded timestamp matches. Legacy API callers and business workflows have not been certified switched over.,2026-08-14 12:07:07.907502
Server Script: Permission Query,Practitioner Branch Filter,,False,KEEP / archival review — already disabled,,Not executed as an enabled script; retain until backup and ownership/dependency review. Disabled does not prove obsolete.,2026-05-09 12:24:45.446763
Server Script: API,report_master_api,report_master_api,True,CANDIDATE — after cutover verification,life_slimming.api.server_scripts.report_master_api.run,Native replacement exists and recorded timestamp matches. Legacy API callers and business workflows have not been certified switched over.,2026-08-21 20:07:44.259642
Server Script: DocType Event,Restrict Minimum Price Change In SI,,False,KEEP / archival review — already disabled,,Not executed as an enabled script; retain until backup and ownership/dependency review. Disabled does not prove obsolete.,2025-04-26 22:59:50.403546
Server Script: API,roster_employees,roster_employees,True,CANDIDATE — after cutover verification,life_slimming.api.server_scripts.roster_employees.run,Native replacement exists and recorded timestamp matches. Legacy API callers and business workflows have not been certified switched over.,2026-08-07 09:27:30.565509
Server Script: DocType Event,Sales invce after dsocint apporval,,True,KEEP — active backend behavior,,Active DocType Event script; API migration does not replace this behavior.,2026-09-03 06:24:17.735624
Server Script: DocType Event,Sales Invoice — Remove Unmatched Therapy Types After Submit,,False,KEEP / archival review — already disabled,,Not executed as an enabled script; retain until backup and ownership/dependency review. Disabled does not prove obsolete.,2026-06-05 16:15:31.418956
Server Script: DocType Event,SALES INVOICE → PUSH INTO LEAD CHILD TABLE,,False,KEEP / archival review — already disabled,,Not executed as an enabled script; retain until backup and ownership/dependency review. Disabled does not prove obsolete.,2026-04-03 20:24:19.109385
Server Script: DocType Event,Sales Invoice Auto Visited Booked,,True,KEEP — active backend behavior,,Active DocType Event script; API migration does not replace this behavior.,2026-09-11 19:45:42.006336
Server Script: DocType Event,Sales Invoice Block Submit Without Approval,,True,KEEP — active backend behavior,,Active DocType Event script; API migration does not replace this behavior.,2026-07-07 18:26:28.486289
Server Script: DocType Event,Sales Invoice Client Branch,,False,KEEP / archival review — already disabled,,Not executed as an enabled script; retain until backup and ownership/dependency review. Disabled does not prove obsolete.,2026-07-02 13:24:01.492684
Server Script: DocType Event,Sales Invoice Discount Approver Validate,,False,KEEP / archival review — already disabled,,Not executed as an enabled script; retain until backup and ownership/dependency review. Disabled does not prove obsolete.,2026-04-20 21:46:57.410965
Server Script: Permission Query,Sales Invoice Multi Branch Permission Query,,False,KEEP / archival review — already disabled,,Not executed as an enabled script; retain until backup and ownership/dependency review. Disabled does not prove obsolete.,2026-07-02 12:49:24.375719
Server Script: DocType Event,Send mails on task updates,,True,KEEP — active backend behavior,,Active DocType Event script; API migration does not replace this behavior.,2026-07-09 13:20:08.696514
Server Script: DocType Event,send_achievement_report_email,,False,KEEP / archival review — already disabled,,Not executed as an enabled script; retain until backup and ownership/dependency review. Disabled does not prove obsolete.,2026-04-08 22:37:38.856392
Server Script: API,send_pkg_otp_wati,send_pkg_otp_wati,False,KEEP / archival review — already disabled,,Not executed as an enabled script; retain until backup and ownership/dependency review. Disabled does not prove obsolete.,2026-06-28 13:11:13.231502
Server Script: DocType Event,si after discunt,,False,KEEP / archival review — already disabled,,Not executed as an enabled script; retain until backup and ownership/dependency review. Disabled does not prove obsolete.,2026-05-21 20:08:27.994948
Server Script: API,Stock dashboard,life_stock_fast_requests,True,CANDIDATE — after cutover verification,life_slimming.api.server_scripts.life_stock_fast_requests.run,Native replacement exists and recorded timestamp matches. Legacy API callers and business workflows have not been certified switched over.,2026-09-29 13:54:48.909094
Server Script: DocType Event,Stock Entry Receipt Confirmation Email,,True,KEEP — active backend behavior,,Active DocType Event script; API migration does not replace this behavior.,2026-06-03 23:16:15.152287
Server Script: DocType Event,Stock Entry Update Qty On Approval,,True,KEEP — active backend behavior,,Active DocType Event script; API migration does not replace this behavior.,2026-06-03 23:16:15.141027
Server Script: API,stock_indent_360_api,stock_indent_360_api,True,CANDIDATE — after cutover verification,life_slimming.api.server_scripts.stock_indent_360_api.run,Native replacement exists and recorded timestamp matches. Legacy API callers and business workflows have not been certified switched over.,2026-09-12 16:27:18.283592
Server Script: API,Stores 360,create_po_from_indent360,True,KEEP — migration blocker,life_slimming.api.server_scripts.create_po_from_indent360__0fdd830f.run,Multiple enabled live scripts share this API method; callers and alias resolution require review.,2026-09-12 11:33:38.394769
Server Script: API,Submited Therapy Plan Changing GLP Sessions,glp_fix_existing_therapy_plan,False,KEEP / archival review — already disabled,,Not executed as an enabled script; retain until backup and ownership/dependency review. Disabled does not prove obsolete.,2026-08-22 18:36:25.391644
Server Script: API,Submitting client Complaint api,create_client_request_complaint,True,CANDIDATE — after cutover verification,life_slimming.api.server_scripts.create_client_request_complaint.run,Native replacement exists and recorded timestamp matches. Legacy API callers and business workflows have not been certified switched over.,2026-06-15 03:24:49.254047
Server Script: DocType Event,Sync Invoiced Status to Therapy Sessions,,False,KEEP / archival review — already disabled,,Not executed as an enabled script; retain until backup and ownership/dependency review. Disabled does not prove obsolete.,2026-04-26 19:49:03.361026
Server Script: DocType Event,Sync Patient Decision to Lead,,True,KEEP — active backend behavior,,Active DocType Event script; API migration does not replace this behavior.,2026-09-26 16:45:12.354704
Server Script: DocType Event,sync payment to kpcc lead,,False,KEEP / archival review — already disabled,,Not executed as an enabled script; retain until backup and ownership/dependency review. Disabled does not prove obsolete.,2026-04-03 20:12:48.718579
Server Script: DocType Event,task/issue file upload,,False,KEEP / archival review — already disabled,,Not executed as an enabled script; retain until backup and ownership/dependency review. Disabled does not prove obsolete.,2026-07-04 20:33:40.119789
Server Script: API,test_lead_sync,test_lead_sync,False,KEEP / archival review — already disabled,,Not executed as an enabled script; retain until backup and ownership/dependency review. Disabled does not prove obsolete.,2026-07-02 17:43:17.458583
Server Script: API,test_rr,test_rr,False,KEEP / archival review — already disabled,,Not executed as an enabled script; retain until backup and ownership/dependency review. Disabled does not prove obsolete.,2026-07-02 17:42:59.627906
Server Script: DocType Event,Therapy Plan  Branch Wise,,False,KEEP / archival review — already disabled,,Not executed as an enabled script; retain until backup and ownership/dependency review. Disabled does not prove obsolete.,2026-07-02 15:31:05.860373
Server Script: DocType Event,Therapy Plan - Validate Sessions Limit,,True,KEEP — active backend behavior,,Active DocType Event script; API migration does not replace this behavior.,2026-06-03 23:16:15.102712
Server Script: DocType Event,Therapy Plan — Auto Update Linked Sales Invoice,,False,KEEP / archival review — already disabled,,Not executed as an enabled script; retain until backup and ownership/dependency review. Disabled does not prove obsolete.,2026-06-02 17:25:45.463918
Server Script: DocType Event,THERAPY PLAN → PUSH INTO LEAD CHILD TABLE,,False,KEEP / archival review — already disabled,,Not executed as an enabled script; retain until backup and ownership/dependency review. Disabled does not prove obsolete.,2026-04-03 20:23:50.562173
Server Script: DocType Event,Therapy Plan Client Branch,,False,KEEP / archival review — already disabled,,Not executed as an enabled script; retain until backup and ownership/dependency review. Disabled does not prove obsolete.,2026-06-27 17:02:54.307306
Server Script: DocType Event,Therapy Plan Multi Branch Auto Share,,False,KEEP / archival review — already disabled,,Not executed as an enabled script; retain until backup and ownership/dependency review. Disabled does not prove obsolete.,2026-06-27 16:31:10.558392
Server Script: Permission Query,Therapy Plan Multi Branch Permission Query,,False,KEEP / archival review — already disabled,,Not executed as an enabled script; retain until backup and ownership/dependency review. Disabled does not prove obsolete.,2026-07-02 15:30:58.697049
Server Script: DocType Event,Therapy Session - Client Photo Validation,,False,KEEP / archival review — already disabled,,Not executed as an enabled script; retain until backup and ownership/dependency review. Disabled does not prove obsolete.,2026-05-26 14:11:41.961280
Server Script: DocType Event,Therapy Session - Validate Therapy Plan Invoiced,,True,KEEP — active backend behavior,,Active DocType Event script; API migration does not replace this behavior.,2026-09-23 16:12:25.384488
Server Script: DocType Event,Therapy Session Auto Consumable Stock Deduction,,True,KEEP — active backend behavior,,Active DocType Event script; API migration does not replace this behavior.,2026-09-29 14:35:18.679736
Server Script: DocType Event,Therapy Session Balance Amount,,True,KEEP — active backend behavior,,Active DocType Event script; API migration does not replace this behavior.,2026-09-23 16:12:25.451444
Server Script: DocType Event,Therapy Session Cancel Consumable Stock Reversal,,True,KEEP — active backend behavior,,Active DocType Event script; API migration does not replace this behavior.,2026-09-29 14:35:38.988753
Server Script: API,Therapy Session Consent & After Photo,life_setup_therapy_session_media_fields,True,CANDIDATE — after cutover verification,life_slimming.api.server_scripts.life_setup_therapy_session_media_fields.run,Native replacement exists and recorded timestamp matches. Legacy API callers and business workflows have not been certified switched over.,2026-08-25 16:47:13.919456
Server Script: DocType Event,Therapy Session Duplicate Image Safe,,False,KEEP / archival review — already disabled,,Not executed as an enabled script; retain until backup and ownership/dependency review. Disabled does not prove obsolete.,2026-09-13 15:36:00.718853
Server Script: DocType Event,Therapy Session GLP Dose Approval,,False,KEEP / archival review — already disabled,,Not executed as an enabled script; retain until backup and ownership/dependency review. Disabled does not prove obsolete.,2026-08-23 17:55:21.322946
Server Script: Permission Query,Therapy Session Multiple Branches,,False,KEEP / archival review — already disabled,,Not executed as an enabled script; retain until backup and ownership/dependency review. Disabled does not prove obsolete.,2026-07-01 15:56:10.088031
Server Script: DocType Event,Therapy Session Timestamp Safe Save,,True,KEEP — active backend behavior,,Active DocType Event script; API migration does not replace this behavior.,2026-09-14 11:23:06.110181
Server Script: Permission Query,Therpy type show billable,,False,KEEP / archival review — already disabled,,Not executed as an enabled script; retain until backup and ownership/dependency review. Disabled does not prove obsolete.,2026-05-21 14:13:13.855419
Server Script: Scheduler Event,Unblock Therapy Plan,,False,KEEP / archival review — already disabled,,Not executed as an enabled script; retain until backup and ownership/dependency review. Disabled does not prove obsolete.,2026-06-12 12:20:20.083963
Server Script: DocType Event,Update No of sessions from sales inovice,,False,KEEP / archival review — already disabled,,Not executed as an enabled script; retain until backup and ownership/dependency review. Disabled does not prove obsolete.,2025-10-18 13:21:25.545306
Server Script: API,update-therapy-plan-template,update-therapy-plan-template,False,KEEP / archival review — already disabled,,Not executed as an enabled script; retain until backup and ownership/dependency review. Disabled does not prove obsolete.,2026-03-17 01:03:01.645161
Server Script: API,User check for Approvals Report,life_approval_report_user_context,True,CANDIDATE — after cutover verification,life_slimming.api.server_scripts.life_approval_report_user_context.run,Native replacement exists and recorded timestamp matches. Legacy API callers and business workflows have not been certified switched over.,2026-08-17 14:35:46.465633
Server Script: API,User List,send_bulk_password_links_direct,False,KEEP / archival review — already disabled,,Not executed as an enabled script; retain until backup and ownership/dependency review. Disabled does not prove obsolete.,2026-06-13 16:39:04.919820
Server Script: DocType Event,Validate Invoice Items Against Therapy Plan,,False,KEEP / archival review — already disabled,,Not executed as an enabled script; retain until backup and ownership/dependency review. Disabled does not prove obsolete.,2026-06-02 17:23:35.606285
Server Script: API,validate_coupon,validate_coupon,True,CANDIDATE — after cutover verification,life_slimming.api.server_scripts.validate_coupon.run,Native replacement exists and recorded timestamp matches. Legacy API callers and business workflows have not been certified switched over.,2026-08-23 13:36:17.203108
Server Script: DocType Event,WhatsApp – Lead Appointment Booked Confirmation,,True,KEEP — active backend behavior,,Active DocType Event script; API migration does not replace this behavior.,2026-09-17 16:41:49.078923
